PrimerSet,Chromosom,Postion,REF,ALT,Gene,Sensitivities,AA,NUC
VSS2E,NC_045512.2,50,CT,C,,NA,,CT50C
VSS2E,NC_045512.2,1612,C,T,ORF1ab,NA,N449N,C1612T
VSS2E,NC_045512.2,1644,A,C,ORF1ab,NA,N460T,A1644C
VSS2E,NC_045512.2,1647,T,A,ORF1ab,NA,I461N,T1647A
VSS2E,NC_045512.2,1656,T,A,ORF1ab,NA,V464D,T1656A
VSS2E,NC_045512.2,1659,G,T,ORF1ab,NA,G465V,G1659T
VSS2E,NC_045512.2,3350,A,T,ORF1ab,NA,S1029C,A3350T
VSS2E,NC_045512.2,3391,T,A,ORF1ab,NA,N1042K,T3391A
VSS2E,NC_045512.2,3668,T,G,ORF1ab,NA,Y1135D,T3668G
VSS2E,NC_045512.2,3671,G,T,ORF1ab,NA,E1136stop,G3671T
VSS2E,NC_045512.2,3680,A,C,ORF1ab,NA,N1139H,A3680C
VSS2E,NC_045512.2,3683,C,A,ORF1ab,NA,Q1140K,C3683A
VSS2E,NC_045512.2,4744,T,C,ORF1ab,NA,S1493S,T4744C
VSS2E,NC_045512.2,5118,T,A,ORF1ab,NA,F1618Y,T5118A
VSS2E,NC_045512.2,5118,TT,AA,ORF1ab,NA,F1618stop,TT5118AA
VSS2E,NC_045512.2,5120,T,A,ORF1ab,NA,Y1619N,T5120A
VSS2E,NC_045512.2,5743,G,C,ORF1ab,NA,E1826D,G5743C
VSS2E,NC_045512.2,5744,T,C,ORF1ab,NA,Y1827H,T5744C
VSS2E,NC_045512.2,5765,GG,AC,ORF1ab,NA,G1834T,GG5765AC
VSS2E,NC_045512.2,6456,G,A,ORF1ab,NA,C2064Y,G6456A
VSS2E,NC_045512.2,6604,A,G,ORF1ab,NA,L2113L,A6604G
VSS2E,NC_045512.2,6669,G,A,ORF1ab,NA,W2135stop,G6669A
VSS2E,NC_045512.2,9667,T,C,ORF1ab,NA,P3134P,T9667C
VSS2E,NC_045512.2,10010,C,A,ORF1ab,NA,L3249I,C10010A
VSS2E,NC_045512.2,10459,T,C,ORF1ab,NA,T3398T,T10459C
VSS2E,NC_045512.2,11373,A,G,ORF1ab,NA,D3703G,A11373G
VSS2E,NC_045512.2,14593,G,A,ORF1ab,NA,G4777S,G14593A
VSS2E,NC_045512.2,14952,T,C,ORF1ab,NA,F4896F,T14952C
VSS2E,NC_045512.2,14960,A,T,ORF1ab,NA,N4899I,A14960T
VSS2E,NC_045512.2,15682,T,A,ORF1ab,NA,Y5140N,T15682A
VSS2E,NC_045512.2,15685,T,A,ORF1ab,NA,L5141M,T15685A
VSS2E,NC_045512.2,17259,G,T,ORF1ab,NA,E5665D,G17259T
VSS2E,NC_045512.2,17725,A,C,ORF1ab,NA,R5821R,A17725C
VSS2E,NC_045512.2,17934,C,A,ORF1ab,NA,T5890T,C17934A
VSS2E,NC_045512.2,17939,C,T,ORF1ab,NA,A5892V,C17939T
VSS2E,NC_045512.2,18564,A,C,ORF1ab,NA,K6100N,A18564C
VSS2E,NC_045512.2,19468,T,A,ORF1ab,NA,C6402S,T19468A
VSS2E,NC_045512.2,19670,G,GT,ORF1ab,NA,Q6470fs,G19670GT
VSS2E,NC_045512.2,20327,T,A,ORF1ab,NA,V6688D,T20327A
VSS2E,NC_045512.2,20375,T,C,ORF1ab,NA,I6704T,T20375C
VSS2E,NC_045512.2,21417,A,T,ORF1ab,NA,K7051N,A21417T
VSS2E,NC_045512.2,22643,TGT,ACA,S,NA,C361T,TGT22643ACA
VSS2E,NC_045512.2,23264,G,A,S,NA,D568N,G23264A
VSS2E,NC_045512.2,23308,T,G,S,NA,L582L,T23308G
VSS2E,NC_045512.2,24873,TA,T,S,NA,T1105fs,TA24873T
VSS2E,NC_045512.2,24990,C,T,S,NA,P1143L,C24990T
VSS2E,NC_045512.2,25000,C,T,S,NA,D1146D,C25000T
VSS2E,NC_045512.2,25171,T,G,S,NA,L1203L,T25171G
VSS2E,NC_045512.2,25202,T,G,S,NA,W1214G,T25202G
VSS2E,NC_045512.2,26542,C,A,M,NA,T7N,C26542A
VSS2E,NC_045512.2,26545,T,G,M,NA,I8S,T26545G
VSS2E,NC_045512.2,26625,C,A,M,NA,L35I,C26625A
VSS2E,NC_045512.2,26791,T,A,M,NA,L90stop,T26791A
VSS2E,NC_045512.2,26791,TG,AT,M,NA,L90Y,TG26791AT
VSS2E,NC_045512.2,26792,GAT,G,M,NA,M91fs,GAT26792G
VSS2E,NC_045512.2,26793,A,G,M,NA,M91V,A26793G
VSS2E,NC_045512.2,26796,T,GA,M,NA,W92fs,T26796GA
VSS2E,NC_045512.2,27335,C,T,ORF6,NA,T45I,C27335T
VSS2E,NC_045512.2,27344,AA,TT,ORF6,NA,K48I,AA27344TT
VSS2E,NC_045512.2,27354,A,G,ORF6,NA,Q51Q,A27354G
VSS2E,NC_045512.2,28170,C,A,ORF8,NA,P93T,C28170A
VSS2E,NC_045512.2,29039,A,T,N,NA,K256stop,A29039T
VSS2E,NC_045512.2,29049,G,A,N,NA,R259Q,G29049A
VSS2E,NC_045512.2,29425,G,T,N,NA,Q384H,G29425T
