Variants,Chromosom,Postion,REF,ALT,Gene,Sensitivities,AA,NUC
B.1.351,NC_045512.2,10323,A,G,ORF1AB,1,ORF1AB:K3353R,A10323G
AY.122;AY.4;AY.4.5;AY.43.9,NC_045512.2,11201,A,G,ORF1AB,1;1;1;1,ORF1AB:T3646A,A11201G
AY.122;AY.4;AY.4.5;AY.43.9,NC_045512.2,11332,A,G,ORF1AB,0.99;1;1;0.96,ORF1AB:V3689V,A11332G
B.1.621,NC_045512.2,11451,A,G,ORF1AB,1,ORF1AB:Q3729R,A11451G
BA.2.3.20,NC_045512.2,12030,A,G,ORF1AB,0.98,ORF1AB:Q3922R,A12030G
BA.2.75x;CH.1.1;DV.7.1,NC_045512.2,12444,A,G,ORF1AB,0.99;0.99;1,ORF1AB:N4060S,A12444G
B.1.621,NC_045512.2,13057,A,T,ORF1AB,1,ORF1AB:S4264S,A13057T
JD.1,NC_045512.2,14634,A,G,ORF1AB,1,ORF1AB:V4790V,A14634G
XBB.1.16,NC_045512.2,14856,A,G,ORF1AB,1,ORF1AB:V4864V,A14856G
AY.4.5,NC_045512.2,14882,A,C,ORF1AB,1,ORF1AB:D4873A,A14882C
B.1.526,NC_045512.2,16500,A,C,ORF1AB,1,ORF1AB:Q5412H,A16500C
EG.10;EG.5;EG.5.1;HK.3.2;HV.1;XBB.1.9.2,NC_045512.2,16878,A,T,ORF1AB,1;1;1;1;1;1,ORF1AB:T5538T,A16878T
B.1.160,NC_045512.2,16889,A,G,ORF1AB,0.99,ORF1AB:K5542R,A16889G
B.1.525,NC_045512.2,1807,A,G,ORF1AB,0.92,ORF1AB:G514G,A1807G
BA.1;BA.1.1;BA.2;BA.2.3.20;BA.2.75x;BA.2.86;BA.2.86.1;BA.4;BA.5;BA.5.1;BF.7;BQ.1;CH.1.1;DV.7.1;EG.10;EG.5;EG.5.1;FE.1;FL.1.5;GE.1.2.1;GK.2;HK.3.2;HV.1;JD.1;JN.1.4;JN.2;XBB;XBB.1;XBB.1.16;XBB.1.5;XBB.1.9;XBB.1.9.2;JN.1,NC_045512.2,18163,A,G,ORF1AB,0.98;0.98;0.99;0.99;1;0.94;1;1;0.98;0.98;0.98;0.99;0.99;0.99;1;1;1;1;0.98;0.91;1;1;1;1;1;1;1;0.99;0.99;1;0.99;0.99;1;0.99,ORF1AB:I5967V,A18163G
BA.2.86;BA.2.86.1;EG.5.1;HK.3.2;HV.1;JN.1;JN.1.4;JN.2,NC_045512.2,18492,A,G,ORF1AB,1;1;1;1;1;1;1;1,ORF1AB:P6076P,A18492G
EG.10;EG.5;EG.5.1;FE.1;FL.1.5;GE.1.2.1;GK.2;HK.3.2;HV.1;JD.1;XBB;XBB.1;XBB.1.16;XBB.1.5;XBB.1.9;XBB.1.9.2,NC_045512.2,19326,A,G,ORF1AB,1;1;1;1;0.91;1;1;1;1;1;0.95;0.99;1;0.98;0.99;1,ORF1AB:P6354P,A19326G
DV.7.1,NC_045512.2,19886,A,G,ORF1AB,0.94,ORF1AB:K6541R,A19886G
BA.2;BA.2.3.20;BA.2.75x;BA.2.86;BA.2.86.1;BA.4;BA.5;BA.5.1;BF.7;BQ.1;CH.1.1;DV.7.1;EG.10;EG.5;EG.5.1;FE.1;FL.1.5;GE.1.2.1;GK.2;HK.3.2;HV.1;JD.1;JN.1.4;JN.2;XBB;XBB.1;XBB.1.16;XBB.1.5;XBB.1.9;XBB.1.9.2;JN.1,NC_045512.2,20055,A,G,ORF1AB,0.92;0.98;0.9;0.91;1;0.92;0.95;0.96;0.97;0.97;0.87;1;1;1;1;1;0.91;1;1;0.99;1;1;0.99;1;0.97;0.97;1;0.97;0.95;1;0.92,ORF1AB:E6597E,A20055G
B.1.526,NC_045512.2,20262,A,G,ORF1AB,1,ORF1AB:L6666L,A20262G
B.1.525,NC_045512.2,20724,A,G,ORF1AB,1,ORF1AB:L6820L,A20724G
CH.1.1;DV.7.1,NC_045512.2,20741,A,G,ORF1AB,1;1,ORF1AB:Q6826R,A20741G
FL.1.5,NC_045512.2,21137,A,G,ORF1AB,1,ORF1AB:K6958R,A21137G
JN.2,NC_045512.2,2127,A,G,ORF1AB,0.99,ORF1AB:Y621C,A2127G
XAY.1,NC_045512.2,21623,A,G,S,1,S:R21G,A21623G
GE.1.2.1,NC_045512.2,21792,A,G,S,0.87,S:K77R,A21792G
B.1.351,NC_045512.2,21801,A,C,S,1,S:D80A,A21801C
AY.122;AY.4;AY.4.5;AY.43.9;AZ.2;B.1.1.7;B.1.160;B.1.177;B.1.351;B.1.525;B.1.526;B.1.617.2;B.1.621;BA.1;BA.1.1;BA.2;BA.2.3.20;BA.2.75x;BA.2.86;BA.2.86.1;BA.4;BA.5;BA.5.1;BF.7;BQ.1;C.37;CH.1.1;DV.7.1;EG.10;EG.5;EG.5.1;FE.1;FL.1.5;GE.1.2.1;GK.2;HK.3.2;HV.1;JD.1;JN.1;JN.1.4;JN.2;P.1;Q.1;XAY.1;XBB;XBB.1;XBB.1.16;XBB.1.5;XBB.1.9;XBB.1.9.2;XBC.1,NC_045512.2,23403,A,G,S,0.99;1;1;1;1;1;1;1;0.99;1;1;1;1;1;1;1;1;1;1;0.91;1;1;0.99;1;1;1;1;1;1;1;1;1;1;1;1;1;1;1;1;1;0.99;1;1;1;1;1;1;1;1;1;0.97;1,S:D614G,A23403G
XBC.1,NC_045512.2,23670,A,T,S,1,S:N703I,A23670T
BA.1;BA.1.1;BA.2;BA.2.3.20;BA.2.75x;BA.2.86;BA.2.86.1;BA.4;BA.5;BA.5.1;BF.7;BQ.1;CH.1.1;DV.7.1;EG.10;EG.5;EG.5.1;FE.1;FL.1.5;GE.1.2.1;GK.2;HK.3.2;HV.1;JD.1;JN.1;JN.1.4;JN.2;XAY.1;XBB;XBB.1;XBB.1.16;XBB.1.5;XBB.1.9;XBB.1.9.2;XBC.1,NC_045512.2,24424,A,T,S,0.99;0.99;1;1;1;0.98;1;1;1;1;1;1;0.99;1;1;1;1;1;1;1;1;1;1;1;1;1;1;0.99;1;1;1;1;1;1;1;1,S:Q954H,A24424T
GK.2,NC_045512.2,25045,A,G,S,1,S:S1161S,A25045G
BA.2.75x;CH.1.1;DV.7.1;EG.10;EG.5;EG.5.1;FE.1;FL.1.5;GE.1.2.1;GK.2;HK.3.2;HV.1;JD.1;XBB;XBB.1;XBB.1.16;XBB.1.5;XBB.1.9;XBB.1.9.2,NC_045512.2,26275,A,G,E,0.99;0.99;1;1;1;1;1;1;1;1;1;1;1;1;0.99;1;1;1;1,E:T11A,A26275G
B.1.621,NC_045512.2,26492,A,T,,1,,A26492T
BA.1;BA.1.1,NC_045512.2,26530,A,G,M,0.92;0.95;0.94,M:D3G,A26530G
BA.2.86;BA.2.86.1;JN.1.4;other;JN.2;JN.1,NC_045512.2,26610,A,G,M,0.91;0.82;0.94;0.74;0.91;0.91,M:T30A,A26610G
BF.7,NC_045512.2,27038,A,G,M,0.95,M:T172T,A27038G
BA.1;BA.1.1;BA.2;BA.2.3.20;BA.2.75x;BA.2.86;BA.2.86.1;BA.4;CH.1.1;DV.7.1;EG.10;EG.5;EG.5.1;FE.1;FL.1.5;GE.1.2.1;GK.2;HK.3.2;HV.1;JD.1;JN.1;JN.1.4;JN.2;XBB;XBB.1;XBB.1.16;XBB.1.5;XBB.1.9;XBB.1.9.2,NC_045512.2,27259,A,C,ORF6,1;1;0.98;1;0.98;0.99;1;1;0.99;1;1;1;1;1;1;1;0.97;1;1;1;1;1;1;0.99;0.99;0.99;1;0.99;1;1,ORF6:R20R,A27259C
EG.10;EG.5;EG.5.1;HK.3.2;HV.1;XBB.1.9.2,NC_045512.2,27507,A,C,ORF7a,1;1;1;1;1;1,ORF7a:G38G,A27507C
XBC.1,NC_045512.2,27898,A,C,ORF8,0.93,ORF8:K2T,A27898C
B.1.1.7;Q.1,NC_045512.2,28111,A,G,ORF8,0.99;1,ORF8:Y73C,A28111G
AZ.2,NC_045512.2,28271,A,G,,0.99,,A28271G
BA.1;BA.1.1;BA.2;BA.2.3.20;BA.2.75x;BA.2.86;BA.2.86.1;BA.4;BA.5;BA.5.1;BF.7;BQ.1;C.37;CH.1.1;DV.7.1;EG.10;EG.5;EG.5.1;FE.1;FL.1.5;GK.2;HK.3.2;HV.1;JD.1;JN.1;JN.1.4;JN.2;XAY.1;XBB;XBB.1;XBB.1.16;XBB.1.5;XBB.1.9;XBB.1.9.2;GE.1.2.1,NC_045512.2,28271,A,T,,0.98;0.99;0.99;1;1;1;1;1;0.99;0.99;0.99;1;1;1;1;1;1;1;1;1;1;1;1;1;1;1;1;1;1;1;1;1;1;1;1;1,,A28271T
B.1.621,NC_045512.2,28272,A,T,,1,,A28272T
AY.43.9,NC_045512.2,28299,A,T,N,0.98,N:Q9L,A28299T
BA.1;BA.1.1,NC_045512.2,2832,A,G,ORF1AB,0.99;0.98;0.99,ORF1AB:K856R,A2832G
BF.7,NC_045512.2,28330,A,G,N,0.99,N:G19G,A28330G
XBB.1.16,NC_045512.2,28447,A,G,N,1,N:Q58Q,A28447G
AY.122;AY.4;AY.4.5;AY.43.9;B.1.617.2;XBC.1,NC_045512.2,28461,A,G,N,0.92;1;1;0.97;1;1,N:D63G,A28461G
B.1.525,NC_045512.2,28699,A,G,N,1,N:P142P,A28699G
BA.2;BA.2.3.20;BA.2.75x;BA.2.86;BA.2.86.1;BA.4;BA.5;BA.5.1;BF.7;BQ.1;CH.1.1;DV.7.1;EG.10;EG.5;EG.5.1;FE.1;FL.1.5;GE.1.2.1;GK.2;HK.3.2;HV.1;JD.1;JN.1;JN.1.4;JN.2;XAY.1;XBB;XBB.1;XBB.1.16;XBB.1.5;XBB.1.9;XBB.1.9.2,NC_045512.2,29510,A,C,N,0.99;1;0.99;1;1;0.99;0.98;0.98;1;0.99;0.99;1;1;1;1;1;1;1;1;0.96;1;1;1;1;1;1;0.99;0.99;1;0.99;0.98;1,N:S413R,A29510C
B.1.621,NC_045512.2,3428,A,G,ORF1AB,1,ORF1AB:T1055A,A3428G
FE.1,NC_045512.2,3662,A,G,ORF1AB,0.96,ORF1AB:S1133G,A3662G
AZ.2,NC_045512.2,3852,A,T,ORF1AB,0.99,ORF1AB:E1196V,A3852T
XAY.1,NC_045512.2,385,A,G,ORF1AB,0.98,ORF1AB:S40S,A385G
EG.10;EG.5;EG.5.1;FE.1;FL.1.5;GE.1.2.1;GK.2;HK.3.2;HV.1;JD.1;XBB;XBB.1;XBB.1.16;XBB.1.5;XBB.1.9;XBB.1.9.2,NC_045512.2,405,A,G,ORF1AB,0.91;1;1;0.98;1;1;1;0.97;1;1;0.96;0.96;1;0.97;0.93;0.97,ORF1AB:K47R,A405G
P.1,NC_045512.2,5648,A,C,ORF1AB,1,ORF1AB:K1795Q,A5648C
BA.2.86.1;JN.1;JN.1.4;JN.2,NC_045512.2,6183,A,G,ORF1AB,0.95;1;0.96;0.98,ORF1AB:K1973R,A6183G
P.1,NC_045512.2,6319,A,G,ORF1AB,0.99,ORF1AB:P2018P,A6319G
P.1,NC_045512.2,6613,A,G,ORF1AB,0.99,ORF1AB:V2116V,A6613G
BA.2.3.20,NC_045512.2,6770,A,G,ORF1AB,0.99,ORF1AB:M2169V,A6770G
BA.2.86;BA.2.86.1;JN.1;JN.1.4;JN.2,NC_045512.2,7842,A,G,ORF1AB,1;1;1;0.92;1,ORF1AB:N2526S,A7842G
FE.1,NC_045512.2,8001,A,G,ORF1AB,0.96,ORF1AB:D2579G,A8001G
XAY.1,NC_045512.2,9419,A,G,ORF1AB,1,ORF1AB:I3052V,A9419G
BA.2;BA.2.3.20;BA.2.75x;BA.2.86;BA.2.86.1;BA.4;BA.5;BA.5.1;BF.7;BQ.1;CH.1.1;DV.7.1;EG.10;EG.5;EG.5.1;FE.1;FL.1.5;GE.1.2.1;GK.2;HK.3.2;HV.1;JD.1;JN.1;JN.1.4;JN.2;XBB;XBB.1;XBB.1.16;XBB.1.5;XBB.1.9;XBB.1.9.2,NC_045512.2,9424,A,G,ORF1AB,0.99;0.98;0.99;1;1;0.98;0.97;0.98;0.98;0.99;0.99;1;1;1;1;0.96;0.91;1;1;1;1;0.93;1;1;1;0.97;0.99;1;0.99;0.99;1,ORF1AB:V3053V,A9424G
other,NC_045512.2,21766,ACATGTC,C,S,0.88;0.74,S:H69_V70del,ACATGTC21766C
P.1,NC_045512.2,28877,AG,TC,N,0.95,N:S202S,AG28877TC
AY.122;AY.4;AY.4.5;AY.43.9;B.1.617.2;XBC.1,NC_045512.2,28247,AGATTTC,A,ORF8,0.98;1;1;0.99;0.82;0.95,ORF8:D119_F120del,AGATTTC28247A
AY.122;AY.4;AY.4.5;AY.43.9;B.1.621;BA.1;BA.1.1;BA.2;BA.2.3.20;BA.2.75x;BA.2.86;BA.2.86.1;BA.4;BA.5;BA.5.1;BF.7;BQ.1;C.37;CH.1.1;DV.7.1;EG.10;EG.5;EG.5.1;FE.1;FL.1.5;GE.1.2.1;GK.2;HK.3.2;HV.1;JD.1;JN.1;JN.1.4;JN.2;XAY.1;XBB;XBB.1;XBB.1.16;XBB.1.5;XBB.1.9;XBB.1.9.2;XBC.1,NC_045512.2,10029,C,T,ORF1AB,1;1;0.99;1;1;1;1;0.97;1;1;0.99;1;1;1;1;1;1;1;0.99;1;1;1;1;1;1;1;1;1;1;1;1;1;1;1;1;1;1;1;1;1;1;0.99,ORF1AB:T3255I,C10029T
AZ.2,NC_045512.2,10116,C,T,ORF1AB,1,ORF1AB:T3284I,C10116T
BA.2.3.20,NC_045512.2,10189,C,T,ORF1AB,0.97,ORF1AB:T3308T,C10189T
BA.2;BA.2.3.20;BA.2.75x;BA.2.86;BA.2.86.1;BA.4;BA.5;BA.5.1;BF.7;BQ.1;CH.1.1;DV.7.1;EG.10;EG.5;EG.5.1;FE.1;FL.1.5;GE.1.2.1;GK.2;HK.3.2;HV.1;JD.1;JN.1;JN.1.4;JN.2;XAY.1;XBB;XBB.1;XBB.1.16;XBB.1.5;XBB.1.9;XBB.1.9.2,NC_045512.2,10198,C,T,ORF1AB,0.97;0.97;0.98;1;1;0.99;0.99;0.98;0.98;0.99;0.98;1;1;1;1;0.98;0.96;1;1;0.99;1;0.8;1;0.99;0.98;0.97;0.96;0.98;1;0.99;0.99;1,ORF1AB:D3311D,C10198T
XAY.1,NC_045512.2,10301,C,A,ORF1AB,0.97,ORF1AB:Q3346K,C10301A
AZ.2,NC_045512.2,10369,C,T,ORF1AB,0.99,ORF1AB:R3368R,C10369T
BA.1;BA.1.1;BA.2;BA.2.3.20;BA.2.75x;BA.2.86;BA.2.86.1;BA.4;BA.5;BA.5.1;BF.7;BQ.1;CH.1.1;DV.7.1;EG.10;EG.5;EG.5.1;FE.1;FL.1.5;GE.1.2.1;GK.2;HK.3.2;HV.1;JD.1;JN.1;JN.1.4;JN.2;XAY.1;XBB;XBB.1;XBB.1.16;XBB.1.5;XBB.1.9;XBB.1.9.2,NC_045512.2,10449,C,A,ORF1AB,0.98;0.98;0.99;1;1;1;1;1;1;1;1;1;1;1;1;1;1;1;1;1;1;1;1;1;1;1;1;1;1;0.99;1;1;1;1;1,ORF1AB:P3395H,C10449A
B.1.351;B.1.526,NC_045512.2,1059,C,T,ORF1AB,1;1,ORF1AB:T265I,C1059T
DV.7.1,NC_045512.2,10908,C,T,ORF1AB,1,ORF1AB:A3548V,C10908T
B.1.160,NC_045512.2,11497,C,T,ORF1AB,0.99,ORF1AB:Y3744Y,C11497T
XBC.1,NC_045512.2,11514,C,T,ORF1AB,1,ORF1AB:T3750I,C11514T
AZ.2,NC_045512.2,12400,C,T,ORF1AB,1,ORF1AB:L4045L,C12400T
XAY.1,NC_045512.2,12747,C,T,ORF1AB,0.97,ORF1AB:T4161I,C12747T
P.1,NC_045512.2,12778,C,T,ORF1AB,0.98,ORF1AB:Y4171Y,C12778T
BA.2.86;BA.2.86.1;EG.10;EG.5;EG.5.1;FL.1.5;HK.3.2;HV.1;JN.1;JN.1.4;JN.2;XBB.1.9;XBB.1.9.2,NC_045512.2,12789,C,T,ORF1AB,1;1;1;1;1;1;1;1;1;1;1;0.99;1,ORF1AB:T4175I,C12789T
BA.2.86.1;JN.1;JN.1.4;JN.2,NC_045512.2,12815,C,T,ORF1AB,1;1;1;1,ORF1AB:L4184L,C12815T
BA.2;BA.2.3.20;BA.2.75x;BA.2.86;BA.2.86.1;BA.4;BA.5;BA.5.1;BF.7;BQ.1;CH.1.1;DV.7.1;EG.10;EG.5;EG.5.1;FE.1;FL.1.5;GE.1.2.1;GK.2;HK.3.2;HV.1;JD.1;JN.1;JN.1.4;JN.2;XAY.1;XBB;XBB.1;XBB.1.16;XBB.1.5;XBB.1.9;XBB.1.9.2,NC_045512.2,12880,C,T,ORF1AB,1;1;1;1;1;1;0.99;1;1;1;1;1;0.91;1;1;0.96;1;1;1;0.98;1;1;1;0.99;1;1;1;1;1;1;0.99;1,ORF1AB:I4205I,C12880T
FL.1.5,NC_045512.2,12970,C,T,ORF1AB,0.96,ORF1AB:N4235N,C12970T
XBC.1,NC_045512.2,13019,C,T,ORF1AB,0.96,ORF1AB:L4252L,C13019T
C.37,NC_045512.2,13536,C,T,ORF1AB,0.99,ORF1AB:Y4424Y,C13536T
P.1,NC_045512.2,13860,C,T,ORF1AB,0.99,ORF1AB:D4532D,C13860T
JD.1,NC_045512.2,14085,C,T,ORF1AB,1,ORF1AB:N4607N,C14085T
JD.1,NC_045512.2,14189,C,T,ORF1AB,0.93,ORF1AB:A4642V,C14189T
Q.1,NC_045512.2,14220,C,T,ORF1AB,0.99,ORF1AB:D4652D,C14220T
XBC.1,NC_045512.2,1437,C,T,ORF1AB,1,ORF1AB:S391F,C1437T
AY.122;AY.4;AY.4.5;AY.43.9;AZ.2;B.1.1.7;B.1.160;B.1.177;B.1.351;B.1.526;B.1.617.2;B.1.621;BA.1;BA.1.1;BA.2;BA.2.3.20;BA.2.75x;BA.2.86;BA.2.86.1;BA.4;BA.5;BA.5.1;BF.7;BQ.1;C.37;CH.1.1;DV.7.1;EG.10;EG.5;EG.5.1;FE.1;FL.1.5;GE.1.2.1;GK.2;HK.3.2;HV.1;JD.1;JN.1;JN.1.4;JN.2;P.1;Q.1;XAY.1;XBB;XBB.1;XBB.1.16;XBB.1.5;XBB.1.9;XBB.1.9.2;XBC.1,NC_045512.2,14408,C,T,ORF1AB,0.99;1;0.99;1;0.99;0.99;1;1;0.99;1;0.99;1;1;1;1;1;1;1;1;1;1;0.99;1;0.99;1;1;1;1;1;1;1;1;1;1;1;1;1;1;1;1;1;0.99;0.99;1;1;1;1;1;1;1;1,ORF1AB:P4715L,C14408T
B.1.1.7;Q.1,NC_045512.2,14676,C,T,ORF1AB,1;1,ORF1AB:P4804P,C14676T
BA.2.3.20,NC_045512.2,1471,C,T,ORF1AB,1,ORF1AB:R402R,C1471T
B.1.525,NC_045512.2,1498,C,T,ORF1AB,0.99,ORF1AB:F411F,C1498T
DV.7.1;XAY.1,NC_045512.2,15026,C,T,ORF1AB,0.94;0.98,ORF1AB:A4921V,C15026T
XBC.1,NC_045512.2,15237,C,T,ORF1AB,1,ORF1AB:H4991H,C15237T
B.1.1.7;Q.1,NC_045512.2,15279,C,T,ORF1AB,1;1,ORF1AB:H5005H,C15279T
DV.7.1,NC_045512.2,1545,C,T,ORF1AB,1,ORF1AB:A427V,C1545T
BA.2;BA.2.3.20;BA.2.75x;BA.2.86;BA.2.86.1;BA.4;BA.5;BA.5.1;BF.7;BQ.1;CH.1.1;DV.7.1;EG.10;EG.5;EG.5.1;FE.1;FL.1.5;GE.1.2.1;GK.2;HK.3.2;HV.1;JD.1;JN.1;JN.1.4;JN.2;XBB;XBB.1;XBB.1.16;XBB.1.5;XBB.1.9;XBB.1.9.2,NC_045512.2,15714,C,T,ORF1AB,1;1;1;1;1;1;1;1;1;1;1;1;1;1;1;1;1;1;1;1;1;1;1;1;1;1;1;1;1;0.98;1,ORF1AB:L5150L,C15714T
EG.10;EG.5;EG.5.1;FE.1;FL.1.5;GE.1.2.1;GK.2;HK.3.2;HV.1;JD.1;XBB;XBB.1;XBB.1.16;XBB.1.5;XBB.1.9;XBB.1.9.2,NC_045512.2,15738,C,T,ORF1AB,1;1;1;1;1;1;1;0.97;1;1;0.99;1;1;1;0.99;1,ORF1AB:F5158F,C15738T
AY.43.9,NC_045512.2,15952,C,A,ORF1AB,0.98,ORF1AB:L5230I,C15952A
BF.7,NC_045512.2,1627,C,T,ORF1AB,0.97,ORF1AB:L454L,C1627T
AY.122;AY.4;AY.4.5;AY.43.9;B.1.617.2;XAY.1;XBC.1,NC_045512.2,16466,C,T,ORF1AB,1;1;1;1;0.92;1;1,ORF1AB:P5401L,C16466T
XBC.1,NC_045512.2,16616,C,T,ORF1AB,1,ORF1AB:T5451I,C16616T
BA.2;BA.2.3.20;BA.2.75x;BA.2.86;BA.2.86.1;BA.4;BA.5;BA.5.1;BF.7;BQ.1;CH.1.1;DV.7.1;EG.10;EG.5;EG.5.1;FE.1;FL.1.5;GE.1.2.1;GK.2;HK.3.2;HV.1;JD.1;JN.1;JN.1.4;JN.2;XBB;XBB.1;XBB.1.16;XBB.1.5;XBB.1.9;XBB.1.9.2,NC_045512.2,17410,C,T,ORF1AB,1;1;0.99;1;1;1;1;1;1;1;1;1;1;1;1;1;1;1;1;1;1;1;1;1;1;0.99;1;1;1;1;1,ORF1AB:R5716C,C17410T
B.1.621,NC_045512.2,17491,C,T,ORF1AB,1,ORF1AB:P5743S,C17491T
BA.2.3.20,NC_045512.2,17678,C,T,ORF1AB,0.99,ORF1AB:T5805M,C17678T
B.1.525,NC_045512.2,18171,C,T,ORF1AB,1,ORF1AB:G5969G,C18171T
BA.2.3.20,NC_045512.2,18252,C,T,ORF1AB,0.97,ORF1AB:N5996N,C18252T
AY.43.9,NC_045512.2,18744,C,T,ORF1AB,0.99,ORF1AB:Y6160Y,C18744T
B.1.160;B.1.621,NC_045512.2,18877,C,T,ORF1AB,0.99;1,ORF1AB:L6205L,C18877T
JN.1;JN.1.4,NC_045512.2,18894,C,T,ORF1AB,1;1,ORF1AB:C6210C,C18894T
AY.122;AY.4;AY.4.5;AY.43.9;XAY.1,NC_045512.2,19220,C,T,ORF1AB,0.99;1;1;1;1,ORF1AB:A6319V,C19220T
BQ.1,NC_045512.2,1931,C,A,ORF1AB,0.99,ORF1AB:Q556K,C1931A
JD.1,NC_045512.2,19488,C,T,ORF1AB,1,ORF1AB:V6408V,C19488T
GK.2,NC_045512.2,1973,C,T,ORF1AB,1,ORF1AB:L570L,C1973T
BA.2;BA.2.3.20;BA.2.75x;BA.2.86;BA.2.86.1;BA.4;BA.5;BA.5.1;BF.7;BQ.1;CH.1.1;DV.7.1;EG.10;EG.5;EG.5.1;FE.1;FL.1.5;GE.1.2.1;GK.2;HK.3.2;HV.1;JD.1;JN.1.4;JN.2;XBB;XBB.1;XBB.1.16;XBB.1.5;XBB.1.9;XBB.1.9.2;JN.1,NC_045512.2,19955,C,T,ORF1AB,0.94;0.97;0.91;0.91;1;0.94;0.96;0.97;0.97;0.98;0.89;1;0.91;1;1;1;0.91;1;1;0.99;1;1;0.99;1;0.97;0.97;1;0.97;0.95;1;0.94,ORF1AB:T6564I,C19955T
B.1.621,NC_045512.2,20148,C,T,ORF1AB,1,ORF1AB:F6628F,C20148T
B.1.526,NC_045512.2,21575,C,T,S,0.99,S:L5F,C21575T
HK.3.2,NC_045512.2,21602,C,A,S,0.99,S:Q14K,C21602A
P.1;XAY.1,NC_045512.2,21614,C,T,S,1;1,S:L18F,C21614T
AY.122;AY.4;AY.4.5;AY.43.9;B.1.617.2;XAY.1,NC_045512.2,21618,C,G,S,0.99;1;1;0.99;1;1,S:T19R,C21618G
BA.2;BA.2.3.20;BA.2.75x;BA.2.86;BA.4;BA.5;BA.5.1;BF.7;BQ.1;CH.1.1;DV.7.1;EG.10;EG.5;EG.5.1;FE.1;FL.1.5;GE.1.2.1;GK.2;HK.3.2;HV.1;JD.1;JN.1.4;JN.2;XBB;XBB.1;XBB.1.16;XBB.1.5;XBB.1.9;XBB.1.9.2;XBC.1;BA.2.86.1;JN.1,NC_045512.2,21618,C,T,S,0.99;0.99;0.97;0.91;0.97;0.98;0.98;0.98;0.99;0.98;1;0.91;1;0.83;1;1;1;1;0.99;1;1;0.92;0.82;0.98;0.98;1;0.99;0.96;0.97;1;0.99;0.99,S:T19I,C21618T
P.1,NC_045512.2,21621,C,A,S,0.98,S:T20N,C21621A
BA.2.86;JN.1.4;JN.2;BA.2.86.1;JN.1,NC_045512.2,21622,C,T,S,0.91;0.88;0.82;0.91;0.91,S:T20T,C21622T
XBC.1,NC_045512.2,21635,C,T,S,1,S:P25S,C21635T
P.1,NC_045512.2,21638,C,T,S,0.99,S:P26S,C21638T
BA.2.86;BA.2.86.1;JN.1;JN.2;other;JN.1.4,NC_045512.2,21711,C,T,S,0.91;1;1;0.95;0.74;0.91,S:S50L,C21711T
B.1.525;BA.1;BA.1.1,NC_045512.2,21762,C,T,S,0.99;0.98;0.98;1,S:A67V,C21762T
C.37,NC_045512.2,21789,C,T,S,0.99,S:T76I,C21789T
DV.7.1,NC_045512.2,2227,C,T,ORF1AB,1,ORF1AB:T654T,C2227T
BA.2.86;BA.2.86.1;JN.1;JN.1.4;JN.2;XAY.1,NC_045512.2,23423,C,T,S,0.91;1;1;0.98;0.99;1,S:P621S,C23423T
BA.1;BA.1.1;BA.2;BA.2.3.20;BA.2.75x;BA.2.86;BA.2.86.1;BA.4;BA.5;BA.5.1;BF.7;BQ.1;CH.1.1;DV.7.1;EG.10;EG.5;EG.5.1;FE.1;FL.1.5;GE.1.2.1;GK.2;HK.3.2;HV.1;JD.1;JN.1;JN.1.4;JN.2;P.1;XAY.1;XBB;XBB.1;XBB.1.16;XBB.1.5;XBB.1.9;XBB.1.9.2;XBC.1,NC_045512.2,23525,C,T,S,1;1;1;1;1;1;0.91;0.95;1;0.99;1;1;1;1;1;1;1;1;1;1;1;1;1;1;1;1;0.99;1;1;1;1;1;1;1;1;0.91;1,S:H655Y,C23525T
AZ.2;B.1.1.7;B.1.621;BA.1;BA.1.1;BA.2;BA.2.3.20;BA.2.75x;BA.4;BA.5;BA.5.1;BF.7;BQ.1;CH.1.1;DV.7.1;EG.10;EG.5;EG.5.1;FE.1;FL.1.5;GE.1.2.1;GK.2;HK.3.2;HV.1;JD.1;Q.1;XAY.1;XBB;XBB.1;XBB.1.16;XBB.1.5;XBB.1.9;XBB.1.9.2;XBC.1;BA.2.86;BA.2.86.1;JN.1.4;JN.2;JN.1,NC_045512.2,23604,C,A,S,1;1;1;0.99;1;1;1;1;0.99;0.99;1;0.99;0.99;1;0.99;1;1;1;1;1;1;1;1;1;1;1;0.99;1;1;1;1;1;1;1;1;1;1;1;1;1,S:P681H,C23604A
AY.122;AY.4;AY.4.5;AY.43.9;B.1.617.2;BA.2.86;BA.2.86.1;JN.1;JN.1.4;JN.2,NC_045512.2,23604,C,G,S,1;1;0.98;1;1;0.91;1;1;0.99;0.99,S:P681R,C23604G
B.1.351;FL.1.5;other,NC_045512.2,23664,C,T,S,0.99;0.96;0.72,S:A701V,C23664T
XAY.1,NC_045512.2,23679,C,T,S,1,S:A706V,C23679T
B.1.1.7;Q.1,NC_045512.2,23709,C,T,S,1;1,S:T716I,C23709T
C.37,NC_045512.2,23731,C,T,S,1,S:T723T,C23731T
GK.2,NC_045512.2,23741,C,T,S,1,S:L727L,C23741T
BA.1;BA.1.1;BA.2;BA.2.3.20;BA.2.75x;BA.2.86;BA.2.86.1;BA.4;BA.5;BA.5.1;BF.7;BQ.1;CH.1.1;DV.7.1;EG.10;EG.5;EG.5.1;FE.1;FL.1.5;GE.1.2.1;GK.2;HK.3.2;HV.1;JD.1;JN.1;JN.1.4;JN.2;XAY.1;XBB;XBB.1;XBB.1.16;XBB.1.5;XBB.1.9;XBB.1.9.2;XBC.1,NC_045512.2,23854,C,A,S,0.92;0.95;0.97;0.98;1;0.97;0.91;1;0.98;0.97;0.98;0.99;0.99;0.99;0.94;1;1;1;1;0.96;1;1;1;1;1;1;0.99;0.99;1;0.98;0.99;1;1;0.99;1;1,S:N764K,C23854A
BA.1;BA.1.1,NC_045512.2,24130,C,A,S,0.99;1;1,S:N856K,C24130A
DV.7.1,NC_045512.2,24134,C,A,S,1,S:L858I,C24134A
C.37,NC_045512.2,24138,C,A,S,1,S:T859N,C24138A
AY.122;AY.4;AY.4.5;AY.43.9;AZ.2;B.1.1.7;B.1.160;B.1.177;B.1.351;B.1.525;B.1.526;B.1.617.2;BA.1;BA.1.1;BA.2;BA.2.3.20;BA.2.75x;BA.2.86;BA.2.86.1;BA.4;BA.5;BA.5.1;BF.7;BQ.1;C.37;CH.1.1;DV.7.1;EG.10;EG.5;EG.5.1;FE.1;FL.1.5;GE.1.2.1;GK.2;HK.3.2;HV.1;JD.1;JN.1.4;JN.2;P.1;Q.1;XAY.1;XBB;XBB.1;XBB.1.16;XBB.1.5;XBB.1.9;XBB.1.9.2;XBC.1;JN.1,NC_045512.2,241,C,T,,0.99;0.98;1;0.96;0.99;0.95;0.99;0.97;0.98;0.98;0.99;0.98;0.97;0.97;0.99;0.89;0.89;0.84;0.91;0.91;0.87;0.88;0.88;0.87;0.92;1;0.89;0.94;0.91;1;1;0.9;0.96;1;1;0.91;1;0.87;0.95;0.99;0.99;0.99;0.95;0.86;0.88;1;0.92;0.87;0.94;0.89;0.89,,C241T
BA.2.86;BA.2.86.1;JN.1;JN.1.4;JN.2,NC_045512.2,24378,C,T,S,1;1;1;0.99;0.97,S:S939F,C24378T
AZ.2,NC_045512.2,24382,C,T,S,0.99,S:S940S,C24382T
BA.2.3.20,NC_045512.2,2445,C,T,ORF1AB,1,ORF1AB:T727I,C2445T
BA.1;BA.1.1,NC_045512.2,24503,C,T,S,0.99;1;1,S:L981F,C24503T
P.1,NC_045512.2,24642,C,T,S,0.99,S:T1027I,C24642T
B.1.525,NC_045512.2,24748,C,T,S,1,S:F1062F,C24748T
XAY.1,NC_045512.2,24912,C,T,S,1,S:T1117I,C24912T
BA.2.86;BA.2.86.1;JN.1;JN.1.4;JN.2,NC_045512.2,24990,C,T,S,1;1;1;0.99;1,S:P1143L,C24990T
BA.1;BA.1.1;BA.2;BA.2.3.20;BA.2.75x;BA.2.86;BA.2.86.1;BA.4;BA.5;BA.5.1;BF.7;BQ.1;CH.1.1;DV.7.1;EG.10;EG.5;EG.5.1;FE.1;FL.1.5;GE.1.2.1;GK.2;HK.3.2;HV.1;JN.1;JN.1.4;JN.2;other;XBB;XBB.1;XBB.1.16;XBB.1.5;XBB.1.9;XBB.1.9.2;JD.1,NC_045512.2,25000,C,T,S,0.98;0.99;0.98;0.97;0.99;0.99;1;1;0.98;0.99;0.97;0.97;0.99;0.99;1;1;1;1;0.83;1;1;1;1;1;1;1;1;0.78;0.98;0.98;1;0.99;0.98;1;0.98,S:D1146D,C25000T
BA.2.86;BA.2.86.1;JN.1.4;JN.2;JN.1,NC_045512.2,25207,C,T,S,1;0.95;0.97;1;1,S:Y1215Y,C25207T
AZ.2,NC_045512.2,25276,C,A,S,0.99,S:T1238T,C25276A
XAY.1,NC_045512.2,25413,C,T,ORF3a,1,ORF3a:I7I,C25413T
BA.2.75x;CH.1.1;DV.7.1;EG.10;EG.5;EG.5.1;FE.1;FL.1.5;GE.1.2.1;GK.2;HK.3.2;HV.1;JD.1;XBB;XBB.1;XBB.1.16;XBB.1.5;XBB.1.9;XBB.1.9.2,NC_045512.2,25416,C,T,ORF3a,1;1;1;1;1;1;1;1;1;1;1;1;1;1;0.99;1;1;1;1,ORF3a:F8F,C25416T
AY.122;AY.4;AY.4.5;AY.43.9;B.1.617.2;XAY.1,NC_045512.2,25469,C,T,ORF3a,1;1;1;1;1;1,ORF3a:S26L,C25469T
B.1.526,NC_045512.2,25517,C,T,ORF3a,1,ORF3a:P42L,C25517T
HK.3.2,NC_045512.2,25572,C,T,ORF3a,0.99,ORF3a:S60S,C25572T
BA.1;BA.1.1;BA.2;BA.2.3.20;BA.2.75x;BA.2.86;BA.2.86.1;BA.4;BA.5;BA.5.1;BF.7;BQ.1;CH.1.1;DV.7.1;EG.10;EG.5;EG.5.1;FE.1;FL.1.5;GE.1.2.1;GK.2;HK.3.2;HV.1;JD.1;JN.1;JN.1.4;JN.2;XBB;XBB.1;XBB.1.16;XBB.1.5;XBB.1.9;XBB.1.9.2,NC_045512.2,25584,C,T,ORF3a,1;1;1;1;1;1;1;1;1;1;1;1;1;1;1;1;1;1;1;1;1;1;1;1;1;1;0.99;0.95;1;1;1;1;1;1,ORF3a:T64T,C25584T
B.1.160,NC_045512.2,25710,C,T,ORF3a,0.99,ORF3a:L106L,C25710T
DV.7.1,NC_045512.2,25721,C,T,ORF3a,1,ORF3a:A110V,C25721T
BA.2.3.20,NC_045512.2,25810,C,T,ORF3a,1,ORF3a:L140F,C25810T
XBC.1,NC_045512.2,25854,C,T,ORF3a,1,ORF3a:Y154Y,C25854T
B.1.351,NC_045512.2,25904,C,T,ORF3a,0.99,ORF3a:S171L,C25904T
GE.1.2.1,NC_045512.2,25976,C,G,ORF3a,1,ORF3a:S195C,C25976G
BA.2;BA.2.3.20;BA.2.75x;BA.2.86;BA.2.86.1;BA.4;BA.5;BA.5.1;BF.7;BQ.1;CH.1.1;DV.7.1;EG.10;EG.5;EG.5.1;FE.1;FL.1.5;GE.1.2.1;GK.2;HK.3.2;HV.1;JD.1;JN.1;JN.1.4;JN.2;XBB;XBB.1;XBB.1.16;XBB.1.5;XBB.1.9;XBB.1.9.2,NC_045512.2,26060,C,T,ORF3a,1;1;1;1;1;1;1;1;1;1;1;1;1;1;1;1;1;1;1;1;1;1;1;1;1;1;1;1;1;0.99;1,ORF3a:T223I,C26060T
BA.1;BA.1.1;BA.2;BA.2.3.20;BA.2.75x;BA.2.86;BA.2.86.1;BA.4;BA.5;BA.5.1;BF.7;BQ.1;CH.1.1;DV.7.1;EG.10;EG.5;EG.5.1;FE.1;FL.1.5;GE.1.2.1;GK.2;HK.3.2;HV.1;JD.1;JN.1;JN.1.4;JN.2;XBB;XBB.1;XBB.1.16;XBB.1.5;XBB.1.9;XBB.1.9.2,NC_045512.2,26270,C,T,E,0.99;0.99;1;0.99;1;1;1;1;1;0.99;1;1;1;1;1;1;1;1;1;1;1;1;1;1;1;1;1;1;1;1;1;1;1;1,E:T9I,C26270T
B.1.351,NC_045512.2,26456,C,T,E,0.99,E:P71L,C26456T
BA.1;BA.1.1;BA.2;BA.2.3.20;BA.2.75x;BA.2.86;BA.2.86.1;BA.4;BA.5;BA.5.1;BF.7;BQ.1;CH.1.1;DV.7.1;EG.10;EG.5;EG.5.1;FE.1;FL.1.5;GE.1.2.1;GK.2;HK.3.2;HV.1;JD.1;JN.1;JN.1.4;JN.2;XBB;XBB.1;XBB.1.16;XBB.1.5;XBB.1.9;XBB.1.9.2,NC_045512.2,26577,C,G,M,0.96;0.98;0.98;0.92;0.96;0.95;1;0.95;0.94;0.96;0.96;0.95;0.98;0.96;0.94;1;1;0.89;0.88;1;1;1;1;1;1;1;0.99;0.99;0.94;0.96;1;0.98;0.92;0.88,M:Q19E,C26577G
BA.2.86;BA.2.86.1;JN.1;JN.1.4;JN.2;XAY.1,NC_045512.2,26681,C,T,M,0.91;1;1;1;0.99;1,M:F53F,C26681T
B.1.160,NC_045512.2,26735,C,T,M,0.97,M:Y71Y,C26735T
B.1.177,NC_045512.2,26801,C,G,M,0.99,M:L93L,C26801G
BA.2.86;BA.2.86.1;JN.1;JN.1.4;JN.2,NC_045512.2,26833,C,T,M,1;1;1;0.99;1,M:A104V,C26833T
BA.2;BA.2.3.20;BA.2.75x;BA.2.86;BA.2.86.1;BA.4;CH.1.1;DV.7.1;EG.10;EG.5;EG.5.1;FE.1;FL.1.5;GE.1.2.1;GK.2;HK.3.2;HV.1;JD.1;JN.1;JN.1.4;JN.2;XBB;XBB.1;XBB.1.16;XBB.1.5;XBB.1.9;XBB.1.9.2,NC_045512.2,26858,C,T,M,1;0.92;0.99;0.91;1;0.98;0.98;1;1;1;1;1;1;1;1;1;1;1;1;1;1;0.98;0.98;1;0.99;1;0.94,M:F112F,C26858T
GK.2,NC_045512.2,27059,C,T,M,1,M:Y179Y,C27059T
P.1,NC_045512.2,2749,C,T,ORF1AB,0.98,ORF1AB:D828D,C2749T
XAY.1,NC_045512.2,27575,C,G,ORF7a,1,ORF7a:T61S,C27575G
AY.122;AY.4;AY.4.5;AY.43.9;B.1.617.2;XBC.1,NC_045512.2,27752,C,T,ORF7a,0.98;1;0.98;0.98;1;0.97,ORF7a:T120I,C27752T
BA.1;BA.1.1;BA.2;BA.2.3.20;BA.2.75x;BA.2.86;BA.2.86.1;BA.4;BA.5;BA.5.1;BF.7;BQ.1;CH.1.1;DV.7.1;EG.10;EG.5;EG.5.1;FE.1;FL.1.5;GK.2;HK.3.2;HV.1;JD.1;JN.1.4;JN.2;XAY.1;XBB;XBB.1;XBB.1.16;XBB.1.5;XBB.1.9;XBB.1.9.2;JN.1;GE.1.2.1,NC_045512.2,27807,C,T,ORF7b,0.99;0.99;1;0.99;0.98;0.99;1;1;1;0.99;0.98;0.97;0.99;0.99;1;1;1;1;1;1;1;1;1;1;1;1;1;0.99;1;1;1;0.99;1;0.99;0.99,ORF7b:L18L,C27807T
AY.122;AY.4;AY.4.5;AY.43.9,NC_045512.2,27874,C,T,ORF7b,0.99;1;1;0.99,ORF7b:T40I,C27874T
BA.5.1;BF.7;BQ.1;other,NC_045512.2,27889,C,T,,0.94;0.95;0.97;0.75,,C27889T
BA.2;BA.2.3.20;BA.2.75x;BA.2.86;BA.2.86.1;BA.4;BA.5;BA.5.1;BF.7;BQ.1;CH.1.1;DV.7.1;EG.10;EG.5;EG.5.1;FE.1;FL.1.5;GE.1.2.1;GK.2;HK.3.2;HV.1;JD.1;JN.1;JN.1.4;JN.2;XAY.1;XBB;XBB.1;XBB.1.16;XBB.1.5;XBB.1.9;XBB.1.9.2;XBC.1,NC_045512.2,2790,C,T,ORF1AB,1;1;1;1;0.91;1;0.99;1;1;1;1;1;0.91;1;1;1;1;1;1;0.99;1;1;1;0.98;0.97;1;1;1;1;1;1;1;1,ORF1AB:T842I,C2790T
B.1.621,NC_045512.2,27925,C,A,ORF8,1,ORF8:T11K,C27925A
B.1.526,NC_045512.2,27925,C,T,ORF8,0.99,ORF8:T11I,C27925T
B.1.1.7;Q.1,NC_045512.2,27972,C,T,ORF8,0.99;1,ORF8:Q27*,C27972T
B.1.621;GK.2,NC_045512.2,28005,C,T,ORF8,1;1,ORF8:P38S,C28005T
B.1.621,NC_045512.2,28093,C,T,ORF8,1,ORF8:S67F,C28093T
B.1.351;C.37,NC_045512.2,28253,C,T,ORF8,0.94;0.99,ORF8:F120F,C28253T
B.1.525,NC_045512.2,28308,C,G,N,1,N:A12G,C28308G
BA.1;BA.1.1;BA.2;BA.2.3.20;BA.2.75x;BA.2.86;BA.2.86.1;BA.4;BA.5;BA.5.1;BF.7;C.37;CH.1.1;DV.7.1;EG.10;EG.5;EG.5.1;FE.1;FL.1.5;GK.2;HK.3.2;HV.1;JD.1;JN.1;JN.1.4;JN.2;XAY.1;XBB;XBB.1;XBB.1.16;XBB.1.5;XBB.1.9;XBB.1.9.2;BQ.1;GE.1.2.1,NC_045512.2,28311,C,T,N,0.98;0.98;0.99;0.99;1;0.99;1;1;0.99;0.99;0.99;1;0.98;0.99;1;1;1;1;1;1;1;1;1;1;1;1;1;1;1;0.99;1;1;0.99;1;0.99;1,N:P13L,C28311T
P.1,NC_045512.2,28512,C,G,N,1,N:P80R,C28512G
BA.2.3.20,NC_045512.2,28550,C,A,N,1,N:R93R,C28550A
XAY.1,NC_045512.2,28720,C,T,N,1,N:R149R,C28720T
B.1.351;B.1.525;B.1.621,NC_045512.2,28887,C,T,N,0.99;0.99;1,N:T205I,C28887T
B.1.177,NC_045512.2,28932,C,T,N,0.99,N:A220V,C28932T
BA.2.86;BA.2.86.1;JN.1;JN.1.4;JN.2,NC_045512.2,28958,C,A,N,1;1;1;0.99;1,N:Q229K,C28958A
B.1.1.7;Q.1,NC_045512.2,28977,C,T,N,1;1,N:S235F,C28977T
C.37,NC_045512.2,29311,C,T,N,0.96,N:F346F,C29311T
XBB.1.16,NC_045512.2,29386,C,T,N,1,N:D371D,C29386T
EG.5;EG.5.1;HK.3.2;HV.1,NC_045512.2,29625,C,T,ORF10,1;1;0.99;1,ORF10:S23F,C29625T
AZ.2,NC_045512.2,29769,C,T,,0.97,,C29769T
HV.1,NC_045512.2,29784,C,T,,0.91,,C29784T
AY.122;AY.4;AY.4.5;AY.43.9;AZ.2;B.1.1.7;B.1.160;B.1.177;B.1.351;B.1.525;B.1.526;B.1.617.2;B.1.621;BA.1;BA.1.1;BA.2;BA.2.3.20;BA.2.75x;BA.2.86;BA.2.86.1;BA.4;BA.5;BA.5.1;BF.7;BQ.1;C.37;CH.1.1;DV.7.1;EG.10;EG.5;EG.5.1;FE.1;FL.1.5;GE.1.2.1;GK.2;HK.3.2;HV.1;JD.1;JN.1;JN.1.4;JN.2;P.1;Q.1;XAY.1;XBB;XBB.1;XBB.1.16;XBB.1.5;XBB.1.9;XBB.1.9.2;XBC.1,NC_045512.2,3037,C,T,ORF1AB,1;1;1;1;1;1;1;1;1;1;1;1;1;1;1;1;1;1;0.99;1;1;1;1;1;1;1;1;1;1;1;1;1;1;1;1;1;1;1;1;1;1;1;1;1;1;1;0.99;1;1;1;1;1,ORF1AB:F924F,C3037T
B.1.1.7;Q.1,NC_045512.2,3267,C,T,ORF1AB,1;1,ORF1AB:T1001I,C3267T
BA.2.75x;CH.1.1;DV.7.1,NC_045512.2,3796,C,T,ORF1AB,0.99;0.98;1,ORF1AB:V1177V,C3796T
P.1,NC_045512.2,3828,C,T,ORF1AB,0.99,ORF1AB:S1188L,C3828T
CH.1.1;DV.7.1,NC_045512.2,3857,C,A,ORF1AB,0.98;1,ORF1AB:Q1198K,C3857A
BA.2.75x;CH.1.1;DV.7.1,NC_045512.2,3927,C,T,ORF1AB,0.99;0.98;1,ORF1AB:S1221L,C3927T
AZ.2,NC_045512.2,3961,C,T,ORF1AB,1,ORF1AB:I1232I,C3961T
C.37,NC_045512.2,4002,C,T,ORF1AB,0.99,ORF1AB:T1246I,C4002T
GE.1.2.1,NC_045512.2,4234,C,T,ORF1AB,1,ORF1AB:D1323D,C4234T
BA.2;BA.2.3.20;BA.2.75x;BA.2.86;BA.2.86.1;BA.4;BA.5;BA.5.1;BF.7;BQ.1;CH.1.1;DV.7.1;EG.10;EG.5;EG.5.1;FE.1;FL.1.5;GE.1.2.1;GK.2;HK.3.2;HV.1;JD.1;JN.1;JN.1.4;JN.2;XAY.1;XBB;XBB.1;XBB.1.16;XBB.1.5;XBB.1.9;XBB.1.9.2,NC_045512.2,4321,C,T,ORF1AB,0.99;0.99;0.99;1;0.95;0.99;0.99;0.99;0.98;0.98;0.99;0.94;1;1;1;0.98;0.91;0.97;1;0.99;1;1;1;0.99;0.98;1;0.99;0.97;1;0.99;0.97;1,ORF1AB:A1352A,C4321T
XAY.1,NC_045512.2,4456,C,T,ORF1AB,0.89,ORF1AB:A1397A,C4456T
B.1.160,NC_045512.2,4543,C,T,ORF1AB,0.98,ORF1AB:T1426T,C4543T
BA.2.75x;CH.1.1;DV.7.1,NC_045512.2,4586,C,T,ORF1AB,0.91;0.92;0.89,ORF1AB:L1441L,C4586T
B.1.621,NC_045512.2,4878,C,T,ORF1AB,1,ORF1AB:T1538I,C4878T
XBC.1,NC_045512.2,4893,C,T,ORF1AB,1,ORF1AB:T1543I,C4893T
BA.2.75x;CH.1.1;DV.7.1,NC_045512.2,5183,C,T,ORF1AB,0.99;1;1,ORF1AB:P1640S,C5183T
XBC.1,NC_045512.2,5184,C,T,ORF1AB,1,ORF1AB:P1640L,C5184T
B.1.1.7;Q.1,NC_045512.2,5388,C,A,ORF1AB,0.99;1,ORF1AB:A1708D,C5388A
HV.1,NC_045512.2,5835,C,T,ORF1AB,1,ORF1AB:S1857L,C5835T
XAY.1,NC_045512.2,5869,C,T,ORF1AB,1,ORF1AB:Y1868Y,C5869T
B.1.1.7;Q.1,NC_045512.2,5986,C,T,ORF1AB,1;1,ORF1AB:F1907F,C5986T
GE.1.2.1,NC_045512.2,601,C,T,ORF1AB,0.9,ORF1AB:G112G,C601T
AY.43.9;GE.1.2.1,NC_045512.2,6026,C,T,ORF1AB,0.97;1,ORF1AB:P1921S,C6026T
B.1.621,NC_045512.2,6037,C,T,ORF1AB,1,ORF1AB:S1924S,C6037T
XBC.1,NC_045512.2,6196,C,T,ORF1AB,0.99,ORF1AB:P1977P,C6196T
B.1.525,NC_045512.2,6285,C,T,ORF1AB,0.99,ORF1AB:T2007I,C6285T
B.1.177,NC_045512.2,6286,C,T,ORF1AB,0.98,ORF1AB:T2007T,C6286T
AY.122;AY.4;AY.4.5;AY.43.9,NC_045512.2,6402,C,T,ORF1AB,0.99;1;1;0.91,ORF1AB:P2046L,C6402T
HK.3.2,NC_045512.2,6541,C,T,ORF1AB,0.99,ORF1AB:H2092H,C6541T
BA.2.3.20,NC_045512.2,6786,C,T,ORF1AB,0.99,ORF1AB:T2174I,C6786T
JD.1,NC_045512.2,6896,C,T,ORF1AB,1,ORF1AB:L2211L,C6896T
AY.122;AY.4;AY.4.5;AY.43.9;C.37;XAY.1,NC_045512.2,7124,C,T,ORF1AB,0.98;1;1;0.98;1;1,ORF1AB:P2287S,C7124T
BF.7,NC_045512.2,7528,C,T,ORF1AB,0.99,ORF1AB:V2421V,C7528T
GK.2,NC_045512.2,7564,C,T,ORF1AB,1,ORF1AB:S2433S,C7564T
JN.1.4,NC_045512.2,774,C,T,ORF1AB,1,ORF1AB:T170I,C774T
AY.4;AY.4.5,NC_045512.2,7851,C,T,ORF1AB,1;0.99,ORF1AB:A2529V,C7851T
BA.2.3.20,NC_045512.2,8208,C,T,ORF1AB,1,ORF1AB:T2648I,C8208T
BA.2.86;BA.2.86.1;JN.1;JN.1.4;JN.2,NC_045512.2,8293,C,T,ORF1AB,1;1;1;1;0.99,ORF1AB:T2676T,C8293T
HK.3.2,NC_045512.2,853,C,T,ORF1AB,0.99,ORF1AB:Y196Y,C853T
XAY.1,NC_045512.2,8595,C,T,ORF1AB,1,ORF1AB:T2777I,C8595T
BA.2.86;BA.2.86.1;JN.1;JN.1.4;JN.2,NC_045512.2,897,C,A,ORF1AB,1;1;1;1;1,ORF1AB:A211D,C897A
AY.122;AY.4;AY.4.5;AY.43.9;XAY.1,NC_045512.2,8986,C,T,ORF1AB,1;1;1;1;1,ORF1AB:D2907D,C8986T
BA.2.3.20,NC_045512.2,8991,C,T,ORF1AB,0.98,ORF1AB:A2909V,C8991T
AZ.2,NC_045512.2,9072,C,T,ORF1AB,0.99,ORF1AB:T2936I,C9072T
XBC.1,NC_045512.2,9073,C,T,ORF1AB,1,ORF1AB:T2936T,C9073T
B.1.1.7;Q.1,NC_045512.2,913,C,T,ORF1AB,0.98;1,ORF1AB:S216S,C913T
BA.2;BA.2.3.20;BA.2.75x;BA.2.86;BA.2.86.1;BA.4;BA.5;BA.5.1;BF.7;BQ.1;CH.1.1;DV.7.1;EG.10;EG.5;EG.5.1;FE.1;FL.1.5;GE.1.2.1;GK.2;HK.3.2;HV.1;JD.1;JN.1;JN.1.4;JN.2;XBB;XBB.1;XBB.1.16;XBB.1.5;XBB.1.9;XBB.1.9.2,NC_045512.2,9344,C,T,ORF1AB,0.99;0.99;1;1;1;0.99;0.98;0.99;0.99;0.99;1;0.94;1;1;1;0.96;1;1;1;1;1;0.87;1;1;1;0.99;0.99;1;1;0.99;1,ORF1AB:L3027F,C9344T
BA.2;BA.2.3.20;BA.2.75x;BA.2.86;BA.2.86.1;BA.4;BA.5;BA.5.1;BF.7;BQ.1;CH.1.1;DV.7.1;EG.10;EG.5;EG.5.1;FE.1;FL.1.5;GE.1.2.1;GK.2;HK.3.2;HV.1;JD.1;JN.1;JN.1.4;JN.2;XBB;XBB.1;XBB.1.16;XBB.1.5;XBB.1.9;XBB.1.9.2,NC_045512.2,9534,C,T,ORF1AB,0.99;0.99;0.98;1;1;0.98;0.99;0.99;0.99;0.98;0.99;1;1;1;1;1;0.96;1;1;1;1;1;1;1;1;0.99;0.99;1;0.99;0.99;1,ORF1AB:T3090I,C9534T
B.1.525,NC_045512.2,9565,C,T,ORF1AB,0.97,ORF1AB:F3100F,C9565T
EG.5;EG.5.1;HK.3.2;HV.1,NC_045512.2,9693,C,T,ORF1AB,1;1;0.99;1,ORF1AB:A3143V,C9693T
C.37,NC_045512.2,9857,C,T,ORF1AB,0.99,ORF1AB:L3198L,C9857T
BA.2;BA.2.3.20;BA.2.75x;CH.1.1;DV.7.1;EG.10;EG.5;EG.5.1;FE.1;FL.1.5;GE.1.2.1;GK.2;HK.3.2;HV.1;JD.1;XBB;XBB.1;XBB.1.16;XBB.1.5;XBB.1.9;XBB.1.9.2;BA.2.86;BA.2.86.1;JN.1.4;JN.2;JN.1,NC_045512.2,9866,C,T,ORF1AB,0.98;1;0.99;0.99;0.94;1;1;1;1;1;1;1;0.99;1;1;1;0.99;1;1;0.98;1;0.98;0.98;0.98;0.98;0.98,ORF1AB:L3201F,C9866T
AZ.2;XBC.1,NC_045512.2,9891,C,T,ORF1AB,1;0.99,ORF1AB:A3209V,C9891T
B.1.525,NC_045512.2,14407,CC,TT,ORF1AB,0.99,ORF1AB:P4715F,CC14407TT
XBC.1,NC_045512.2,27791,CTT,C,ORF7b,0.88,ORF7b:F13del,CTT27791C
C.37,NC_045512.2,10097,G,A,ORF1AB,0.96,ORF1AB:G3278S,G10097A
BA.2;BA.2.3.20;BA.2.75x;BA.2.86;BA.2.86.1;BA.4;BA.5;BA.5.1;BF.7;BQ.1;CH.1.1;DV.7.1;EG.10;EG.5;EG.5.1;FE.1;FL.1.5;GE.1.2.1;GK.2;HK.3.2;HV.1;JD.1;JN.1;JN.1.4;JN.2;XAY.1;XBB;XBB.1;XBB.1.16;XBB.1.5;XBB.1.9;XBB.1.9.2,NC_045512.2,10447,G,A,ORF1AB,1;1;1;1;1;1;1;1;1;1;1;1;1;1;1;1;1;1;1;1;1;1;1;1;1;1;1;1;1;1;1;1,ORF1AB:R3394R,G10447A
AY.122,NC_045512.2,1048,G,T,ORF1AB,0.99,ORF1AB:K261N,G1048T
BA.2.86;BA.2.86.1;JN.1;JN.1.4;JN.2,NC_045512.2,11042,G,T,ORF1AB,1;1;1;1;1,ORF1AB:V3593F,G11042T
JN.1;JN.1.4,NC_045512.2,11727,G,A,ORF1AB,1;0.99,ORF1AB:R3821K,G11727A
BA.4;BA.5;BA.5.1;BF.7;BQ.1,NC_045512.2,12160,G,A,ORF1AB,0.99;0.99;1;1;1,ORF1AB:E3965E,G12160A
XAY.1,NC_045512.2,12163,G,A,ORF1AB,1,ORF1AB:Q3966Q,G12163A
GK.2,NC_045512.2,12467,G,T,ORF1AB,1,ORF1AB:A4068S,G12467T
HK.3.2,NC_045512.2,13627,G,A,ORF1AB,1,ORF1AB:D4455N,G13627A
B.1.160,NC_045512.2,13993,G,T,ORF1AB,0.99,ORF1AB:A4577S,G13993T
AY.122;AY.4;AY.4.5;AY.43.9;B.1.617.2;BA.2.75x;CH.1.1;DV.7.1;EG.10;EG.5;EG.5.1;FE.1;FL.1.5;GE.1.2.1;GK.2;HK.3.2;HV.1;JD.1;XAY.1;XBB;XBB.1;XBB.1.16;XBB.1.5;XBB.1.9;XBB.1.9.2;XBC.1,NC_045512.2,15451,G,A,ORF1AB,1;1;1;0.99;0.92;0.97;0.93;1;1;1;1;1;1;1;1;1;1;1;0.98;0.98;0.98;1;0.98;0.98;0.97;0.97,ORF1AB:G5063S,G15451A
B.1.160,NC_045512.2,15766,G,T,ORF1AB,0.99,ORF1AB:V5168L,G15766T
XBC.1,NC_045512.2,15908,G,GTGA,ORF1AB,0.84,ORF1AB:G5215insD,G15908GTGA
EG.10,NC_045512.2,16416,G,T,ORF1AB,0.82,ORF1AB:V5384V,G16416T
BQ.1,NC_045512.2,16935,G,A,ORF1AB,1,ORF1AB:M5557I,G16935A
B.1.160,NC_045512.2,17019,G,T,ORF1AB,0.99,ORF1AB:E5585D,G17019T
P.1,NC_045512.2,17259,G,T,ORF1AB,0.98,ORF1AB:E5665D,G17259T
B.1.351,NC_045512.2,174,G,T,,0.98,,G174T
CH.1.1;DV.7.1,NC_045512.2,18583,G,A,ORF1AB,1;1,ORF1AB:V6107I,G18583A
XBB.1.16,NC_045512.2,18703,G,T,ORF1AB,0.89,ORF1AB:D6147Y,G18703T
AZ.2,NC_045512.2,20578,G,A,ORF1AB,0.99,ORF1AB:V6772M,G20578A
XAY.1,NC_045512.2,20679,G,T,ORF1AB,1,ORF1AB:P6805P,G20679T
AZ.2,NC_045512.2,21004,G,T,ORF1AB,1,ORF1AB:A6914S,G21004T
AY.122;AY.4;AY.4.5;AY.43.9;B.1.617.2,NC_045512.2,210,G,T,,0.99;0.97;1;0.95;0.97,,G210T
B.1.177,NC_045512.2,21255,G,C,ORF1AB,0.96,ORF1AB:A6997A,G21255C
EG.10,NC_045512.2,21255,G,T,ORF1AB,0.91,ORF1AB:A6997A,G21255T
BA.2.86;JN.1.4;JN.2;BA.2.86.1;JN.1,NC_045512.2,21624,G,C,S,0.91;0.88;0.82;0.91;0.91,S:R21T,G21624C
EG.5.1;HK.3.2;HV.1,NC_045512.2,21718,G,T,S,1;0.94;1,S:Q52H,G21718T
C.37,NC_045512.2,21786,G,T,S,0.89,S:G75V,G21786T
BA.2.86;BA.2.86.1;JN.1;JN.1.4;JN.2,NC_045512.2,21941,G,T,S,1;1;1;0.99;0.99,S:V127F,G21941T
GE.1.2.1,NC_045512.2,2246,G,A,ORF1AB,0.97,ORF1AB:G661S,G2246A
B.1.525,NC_045512.2,23593,G,C,S,0.99,S:Q677H,G23593C
AZ.2,NC_045512.2,23948,G,C,S,1,S:D796H,G23948C
BA.1;BA.1.1;BA.2;BA.2.3.20;BA.2.75x;BA.2.86;BA.2.86.1;BA.4;BA.5;BA.5.1;BF.7;BQ.1;CH.1.1;DV.7.1;EG.10;EG.5;EG.5.1;FE.1;FL.1.5;GE.1.2.1;GK.2;HK.3.2;HV.1;JD.1;JN.1;JN.1.4;JN.2;XAY.1;XBB;XBB.1;XBB.1.16;XBB.1.5;XBB.1.9;XBB.1.9.2;XBC.1,NC_045512.2,23948,G,T,S,0.99;0.99;1;1;1;0.98;0.91;1;0.99;0.99;0.99;1;0.99;1;1;1;1;1;1;1;1;1;0.99;1;0.87;1;0.98;0.99;1;1;1;1;0.99;0.98;1;1,S:D796Y,G23948T
AY.122;AY.4;AY.4.5;AY.43.9;B.1.617.2;B.1.621,NC_045512.2,24410,G,A,S,0.9;1;0.99;0.96;1;1,S:D950N,G24410A
B.1.1.7;Q.1,NC_045512.2,24914,G,C,S,1;1,S:D1118H,G24914C
P.1,NC_045512.2,25088,G,T,S,1,S:V1176F,G25088T
AY.4.5,NC_045512.2,25337,G,T,S,1,S:D1259Y,G25337T
B.1.160;B.1.351;B.1.526;B.1.621,NC_045512.2,25563,G,T,ORF3a,0.99;1;1;1,ORF3a:Q57H,G25563T
DV.7.1,NC_045512.2,25606,G,A,ORF3a,1,ORF3a:A72T,G25606A
AY.43.9,NC_045512.2,26262,G,A,E,0.97,E:S6S,G26262A
BA.5;BA.5.1;BF.7;BQ.1,NC_045512.2,26529,G,A,M,0.9;0.89;0.91;0.97,M:D3N,G26529A
BA.2.86;BA.2.86.1;JN.1;JN.1.4;JN.2,NC_045512.2,26529,G,C,M,1;1;1;0.97;0.93,M:D3H,G26529C
B.1.525,NC_045512.2,2659,G,A,ORF1AB,0.99,ORF1AB:K798K,G2659A
BA.1;BA.1.1;BA.2;BA.2.3.20;BA.2.75x;BA.2.86;BA.2.86.1;BA.4;BA.5;BA.5.1;BF.7;BQ.1;CH.1.1;DV.7.1;EG.10;EG.5;EG.5.1;FE.1;FL.1.5;GE.1.2.1;GK.2;HK.3.2;HV.1;JD.1;JN.1;JN.1.4;JN.2;XBB;XBB.1;XBB.1.16;XBB.1.5;XBB.1.9;XBB.1.9.2,NC_045512.2,26709,G,A,M,0.98;0.98;0.99;1;1;0.99;0.91;1;0.99;1;1;1;0.99;1;1;1;1;1;1;1;1;1;1;1;1;1;1;1;0.99;1;1;1;0.99;1,M:A63T,G26709A
XAY.1,NC_045512.2,26959,G,A,M,0.98,M:R146H,G26959A
,NC_045512.2,27762,G,T,ORF7b,0.99,ORF7b:E3*,G27762T
XBC.1,NC_045512.2,27890,G,T,,0.93,,G27890T
EG.10;EG.5;EG.5.1;FE.1;FL.1.5;GK.2;HK.3.2;HV.1;JD.1;XBB.1;XBB.1.16;XBB.1.5;XBB.1.9;XBB.1.9.2,NC_045512.2,27915,G,T,ORF8,1;1;1;0.9;1;1;0.99;1;0.93;0.82;1;0.98;0.98;1,ORF8:G8*,G27915T
B.1.1.7;Q.1,NC_045512.2,28048,G,T,ORF8,0.99;1,ORF8:R52I,G28048T
P.1,NC_045512.2,28167,G,A,ORF8,0.98,ORF8:E92K,G28167A
AZ.2,NC_045512.2,28209,G,T,ORF8,1,ORF8:E106*,G28209T
BQ.1,NC_045512.2,28681,G,T,N,0.99,N:E136D,G28681T
AY.122;AY.4;AY.4.5;AY.43.9;B.1.617.2;XBC.1,NC_045512.2,28881,G,T,N,1;1;1;0.99;1;1,N:R203M,G28881T
AZ.2;B.1.1.7;BA.1;BA.1.1;BA.2;BA.2.3.20;BA.2.75x;BA.2.86;BA.2.86.1;BA.4;BA.5;BA.5.1;BF.7;BQ.1;C.37;CH.1.1;DV.7.1;EG.10;EG.5;EG.5.1;FE.1;FL.1.5;GE.1.2.1;GK.2;HK.3.2;HV.1;JD.1;JN.1;JN.1.4;JN.2;P.1;Q.1;XAY.1;XBB;XBB.1;XBB.1.16;XBB.1.5;XBB.1.9;XBB.1.9.2,NC_045512.2,28883,G,C,N,0.99;0.99;0.99;0.99;0.99;0.98;0.99;0.99;1;1;0.98;0.98;0.98;0.99;0.99;1;0.98;1;1;1;1;1;1;1;1;1;1;1;1;1;1;0.95;1;1;1;0.99;0.89;0.99;0.99;0.97,N:G204R,G28883C
C.37,NC_045512.2,28913,G,T,N,0.99,N:G214C,G28913T
AY.122;AY.4;AY.4.5;AY.43.9,NC_045512.2,28916,G,T,N,0.99;1;1;1,N:G215C,G28916T
B.1.160,NC_045512.2,28975,G,C,N,0.98,N:M234I,G28975C
AZ.2,NC_045512.2,28975,G,T,N,0.99,N:M234I,G28975T
B.1.160,NC_045512.2,29399,G,A,N,0.98,N:A376T,G29399A
AY.122;AY.4;AY.4.5;AY.43.9;B.1.617.2;XBC.1,NC_045512.2,29402,G,T,N,0.97;1;1;1;1;0.99,N:D377Y,G29402T
B.1.525,NC_045512.2,29543,G,T,,0.98,,G29543T
B.1.177,NC_045512.2,29645,G,T,ORF10,0.99,ORF10:V30L,G29645T
GE.1.2.1,NC_045512.2,29706,G,T,,1,,G29706T
AY.122;AY.4;AY.4.5;AY.43.9;B.1.617.2;XBC.1,NC_045512.2,29742,G,T,,0.92;1;0.99;0.96;0.9;0.86,,G29742T
XAY.1,NC_045512.2,29779,G,T,,0.97,,G29779T
FL.1.5,NC_045512.2,3242,G,A,ORF1AB,1,ORF1AB:G993S,G3242A
BA.2.86;BA.2.86.1;JN.1;JN.1.4;JN.2,NC_045512.2,3431,G,T,ORF1AB,1;0.95;1;0.98;1,ORF1AB:V1056L,G3431T
XAY.1,NC_045512.2,407,G,A,ORF1AB,0.98,ORF1AB:D48N,G407A
AY.122;AY.4;AY.4.5;AY.43.9,NC_045512.2,4181,G,T,ORF1AB,1;1;1;1,ORF1AB:A1306S,G4181T
BA.2;BA.2.3.20;BA.2.75x;BA.2.86;BA.2.86.1;BA.4;BA.5;BA.5.1;BF.7;BQ.1;CH.1.1;DV.7.1;EG.10;EG.5;EG.5.1;FE.1;FL.1.5;GE.1.2.1;GK.2;HK.3.2;HV.1;JD.1;JN.1;JN.1.4;JN.2;XAY.1;XBB;XBB.1;XBB.1.16;XBB.1.5;XBB.1.9;XBB.1.9.2,NC_045512.2,4184,G,A,ORF1AB,1;1;0.99;1;1;1;1;1;0.98;0.98;1;1;1;1;1;1;1;1;1;1;1;1;1;1;1;1;1;0.99;1;1;0.98;1,ORF1AB:G1307S,G4184A
XBB;EG.10;EG.5;EG.5.1;FE.1;FL.1.5;GE.1.2.1;GK.2;HK.3.2;HV.1;JD.1;XBB.1;XBB.1.16;XBB.1.5;XBB.1.9;XBB.1.9.2,NC_045512.2,510,G,A,ORF1AB,0.8;0.8;0.8;0.8;0.8;0.8;0.8;0.8;0.8;0.8;0.8;0.8;0.8;0.8;0.8;0.8,ORF1AB:G82D,G510A
B.1.351,NC_045512.2,5230,G,T,ORF1AB,0.98,ORF1AB:K1655N,G5230T
B.1.160,NC_045512.2,5629,G,T,ORF1AB,0.94,ORF1AB:T1788T,G5629T
EG.10;EG.5;EG.5.1;FL.1.5;HK.3.2;HV.1;XBB.1.9;XBB.1.9.2,NC_045512.2,5720,G,A,ORF1AB,0.91;1;1;1;0.99;1;0.99;1,ORF1AB:G1819S,G5720A
GE.1.2.1,NC_045512.2,6536,G,A,ORF1AB,0.97,ORF1AB:G2091S,G6536A
XBC.1,NC_045512.2,6576,G,T,ORF1AB,0.98,ORF1AB:S2104I,G6576T
XBC.1,NC_045512.2,7091,G,A,ORF1AB,0.99,ORF1AB:V2276I,G7091A
AZ.2,NC_045512.2,7798,G,T,ORF1AB,1,ORF1AB:K2511N,G7798T
BA.1;BA.1.1;BA.2.86;BA.2.86.1;JN.1;JN.1.4;JN.2,NC_045512.2,8393,G,A,ORF1AB,0.99;0.99;1;1;1;1;1;0.99,ORF1AB:A2710T,G8393A
AY.122;AY.4;AY.4.5;AY.43.9;XAY.1,NC_045512.2,9053,G,T,ORF1AB,0.99;1;0.93;1;0.98,ORF1AB:V2930L,G9053T
B.1.160,NC_045512.2,9526,G,T,ORF1AB,0.99,ORF1AB:M3087I,G9526T
BA.2;BA.2.3.20;BA.2.75x;BA.2.86;BA.2.86.1;BA.4;CH.1.1;DV.7.1;EG.10;EG.5;EG.5.1;FE.1;FL.1.5;GK.2;HK.3.2;HV.1;JD.1;JN.1;JN.1.4;JN.2;XBB;XBB.1;XBB.1.16;XBB.1.5;XBB.1.9;XBB.1.9.2;GE.1.2.1,NC_045512.2,27382,GAT,CTC,ORF6,0.98;0.97;0.98;1;1;0.97;0.97;0.89;1;1;1;1;0.96;1;1;1;1;1;1;1;0.99;0.97;0.89;0.99;0.99;0.97;0.99,ORF6:D61L,GAT27382CTC
B.1.1.7;Q.1,NC_045512.2,28280,GAT,CTA,N,0.99;1,N:D3L,GAT28280CTA
AZ.2,NC_045512.2,28895,GCTA,G,N,0.97,N:A208_R209delinsG,GCTA28895G
AZ.2;B.1.1.7;BA.1;BA.1.1;BA.2;BA.2.3.20;BA.2.75x;BA.2.86;BA.2.86.1;BA.4;BA.5;BA.5.1;BF.7;BQ.1;C.37;CH.1.1;DV.7.1;EG.10;EG.5;EG.5.1;FE.1;FL.1.5;GE.1.2.1;GK.2;HK.3.2;HV.1;JD.1;JN.1;JN.1.4;JN.2;P.1;Q.1;XAY.1;XBB;XBB.1;XBB.1.16;XBB.1.5;XBB.1.9;XBB.1.9.2,NC_045512.2,28881,GG,AA,N,0.99;1;0.99;0.99;0.99;0.98;0.99;0.99;1;1;0.98;0.98;0.97;0.99;0.99;1;0.98;1;1;1;1;1;1;1;1;1;1;1;1;1;1;0.95;1;1;1;0.99;0.89;0.99;0.99;0.97,N:R203K,GG28881AA
B.1.525,NC_045512.2,27204,GTTT,G,ORF6,0.95,ORF6:F2del,GTTT27204G
XBC.1,NC_045512.2,11418,T,C,ORF1AB,1,ORF1AB:V3718A,T11418C
BA.1;BA.1.1,NC_045512.2,13195,T,C,ORF1AB,1;1;1,ORF1AB:V4310V,T13195C
BA.2.86;BA.2.86.1;JN.1;JN.1.4;JN.2,NC_045512.2,13339,T,C,ORF1AB,1;1;1;1;1,ORF1AB:N4358N,T13339C
GE.1.2.1,NC_045512.2,13371,T,C,ORF1AB,0.93,ORF1AB:V4369A,T13371C
BQ.1,NC_045512.2,14257,T,C,ORF1AB,1,ORF1AB:Y4665H,T14257C
XBC.1,NC_045512.2,15030,T,C,ORF1AB,0.97,ORF1AB:Y4922Y,T15030C
BA.2.86;BA.2.86.1;JN.1;JN.1.4;JN.2,NC_045512.2,15756,T,A,ORF1AB,1;1;1;1;1,ORF1AB:S5164S,T15756A
EG.10;EG.5;EG.5.1;FE.1;FL.1.5;GE.1.2.1;GK.2;HK.3.2;HV.1;JD.1;XBB;XBB.1;XBB.1.5;XBB.1.9;XBB.1.9.2;XBB.1.16,NC_045512.2,15939,T,C,ORF1AB,1;1;1;1;1;1;1;1;1;1;0.99;0.97;1;0.98;1;0.99,ORF1AB:D5225D,T15939C
B.1.1.7;Q.1,NC_045512.2,16176,T,C,ORF1AB,1;1,ORF1AB:T5304T,T16176C
EG.10;EG.5;EG.5.1;FE.1;FL.1.5;GK.2;HK.3.2;HV.1;JD.1;XBB;XBB.1;XBB.1.16;XBB.1.5;XBB.1.9;XBB.1.9.2;GE.1.2.1,NC_045512.2,16342,T,C,ORF1AB,1;1;1;1;1;1;1;1;1;0.99;0.99;1;1;1;1;0.99,ORF1AB:S5360P,T16342C
EG.10,NC_045512.2,16548,T,G,ORF1AB,0.91,ORF1AB:T5428T,T16548G
GK.2;JD.1;XBB.1.5,NC_045512.2,17124,T,C,ORF1AB,1;1;0.98,ORF1AB:A5620A,T17124C
EG.10;EG.5;EG.5.1;FE.1;FL.1.5;GE.1.2.1;GK.2;HK.3.2;HV.1;JD.1;XBB;XBB.1;XBB.1.16;XBB.1.5;XBB.1.9;XBB.1.9.2,NC_045512.2,17859,T,C,ORF1AB,1;1;1;1;1;1;1;1;1;1;0.99;0.98;1;1;0.99;1,ORF1AB:Y5865Y,T17859C
JN.1.4,NC_045512.2,18453,T,C,ORF1AB,0.88,ORF1AB:A6063A,T18453C
B.1.621,NC_045512.2,19035,T,C,ORF1AB,1,ORF1AB:I6257I,T19035C
FL.1.5,NC_045512.2,2128,T,C,ORF1AB,1,ORF1AB:Y621Y,T2128C
EG.10;EG.5;EG.5.1;FE.1;FL.1.5;GE.1.2.1;GK.2;HK.3.2;HV.1;JD.1;XBB;XBB.1;XBB.1.16;XBB.1.5;XBB.1.9;XBB.1.9.2,NC_045512.2,21810,T,C,S,0.82;1;1;0.98;0.96;1;1;0.94;1;0.93;0.96;0.97;1;0.98;0.99;1,S:V83A,T21810C
BA.1;BA.1.1;BA.2;BA.2.3.20;BA.2.75x;BA.2.86;BA.2.86.1;BA.4;BA.5;BA.5.1;BF.7;BQ.1;CH.1.1;DV.7.1;EG.10;EG.5;EG.5.1;FE.1;FL.1.5;GE.1.2.1;GK.2;HK.3.2;HV.1;JD.1;JN.1;JN.1.4;JN.2;XAY.1;XBB;XBB.1;XBB.1.16;XBB.1.5;XBB.1.9;XBB.1.9.2;XBC.1,NC_045512.2,23599,T,G,S,1;1;1;1;1;1;0.91;1;1;1;1;1;1;1;1;1;1;1;1;1;1;1;1;1;1;1;0.99;0.99;1;1;1;1;1;1;1;1,S:N679K,T23599G
B.1.525,NC_045512.2,24224,T,C,S,1,S:F888L,T24224C
BA.1;BA.1.1;BA.2;BA.2.3.20;BA.2.75x;BA.2.86;BA.2.86.1;BA.4;BA.5;BA.5.1;BF.7;BQ.1;CH.1.1;DV.7.1;EG.10;EG.5;EG.5.1;FE.1;FL.1.5;GE.1.2.1;GK.2;HK.3.2;HV.1;JD.1;JN.1;JN.1.4;JN.2;XAY.1;XBB;XBB.1;XBB.1.16;XBB.1.5;XBB.1.9;XBB.1.9.2;XBC.1,NC_045512.2,24469,T,A,S,0.99;1;1;1;1;0.98;1;1;1;1;1;1;1;1;1;1;1;1;1;1;1;1;1;1;1;1;0.99;0.99;1;1;1;1;1;1;1;1,S:N969K,T24469A
B.1.1.7;Q.1,NC_045512.2,24506,T,G,S,1;1,S:S982A,T24506G
DV.7.1,NC_045512.2,24991,T,A,S,0.94,S:P1143P,T24991A
DV.7.1,NC_045512.2,25959,T,C,ORF3a,1,ORF3a:Y189Y,T25959C
FE.1,NC_045512.2,26012,T,G,ORF3a,0.96,ORF3a:F207C,T26012G
P.1,NC_045512.2,26149,T,C,ORF3a,0.99,ORF3a:S253P,T26149C
AY.122;AY.4;AY.4.5;AY.43.9;AZ.2;B.1.525;B.1.617.2;XAY.1;XBC.1,NC_045512.2,26767,T,C,M,0.99;1;1;0.99;1;1;1;1;1,M:I82T,T26767C
XBC.1,NC_045512.2,26819,T,C,M,1,M:S99S,T26819C
B.1.160,NC_045512.2,26876,T,C,M,0.99,M:I118I,T26876C
BA.5.1,NC_045512.2,27438,T,C,ORF7a,0.98,ORF7a:C15C,T27438C
AY.122;AY.4;AY.4.5;AY.43.9;B.1.617.2,NC_045512.2,27638,T,C,ORF7a,0.96;1;0.97;0.97;1,ORF7a:V82A,T27638C
XBC.1,NC_045512.2,27718,T,C,ORF7a,0.87,ORF7a:F109L,T27718C
JN.1.4,NC_045512.2,27810,T,C,ORF7b,0.99,ORF7b:F19L,T27810C
GK.2,NC_045512.2,2824,T,C,ORF1AB,1,ORF1AB:L853L,T2824C
JD.1,NC_045512.2,28282,T,C,N,1,N:D3D,T28282C
EG.10;EG.5;EG.5.1;FL.1.5;HK.3.2;HV.1;XBB.1.16;XBB.1.9;XBB.1.9.2,NC_045512.2,28297,T,C,N,1;1;1;0.96;1;1;1;1;1,N:N8N,T28297C
BQ.1,NC_045512.2,2954,T,C,ORF1AB,1,ORF1AB:L897L,T2954C
JN.1;JN.1.4,NC_045512.2,3565,T,C,ORF1AB,1;0.98,ORF1AB:G1100G,T3565C
DV.7.1,NC_045512.2,4036,T,A,ORF1AB,1,ORF1AB:I1257I,T4036A
DV.7.1,NC_045512.2,4402,T,A,ORF1AB,0.89,ORF1AB:L1379L,T4402A
B.1.177,NC_045512.2,445,T,C,ORF1AB,0.99,ORF1AB:V60V,T445C
BA.1;BA.1.1,NC_045512.2,5386,T,G,ORF1AB,1;1;1,ORF1AB:A1707A,T5386G
BA.2.3.20,NC_045512.2,5406,T,C,ORF1AB,1,ORF1AB:I1714T,T5406C
GE.1.2.1,NC_045512.2,5947,T,C,ORF1AB,1,ORF1AB:P1894P,T5947C
BA.2;BA.2.3.20;BA.2.75x;BA.2.86;BA.2.86.1;BA.4;BA.5;BA.5.1;BF.7;BQ.1;CH.1.1;DV.7.1;EG.10;EG.5;EG.5.1;FE.1;FL.1.5;GE.1.2.1;GK.2;HK.3.2;HV.1;JD.1;JN.1;JN.1.4;JN.2;XAY.1;XBB;XBB.1;XBB.1.16;XBB.1.5;XBB.1.9;XBB.1.9.2;XBC.1,NC_045512.2,670,T,G,ORF1AB,1;1;0.99;1;1;1;1;1;1;0.99;1;1;1;1;0.94;1;1;1;1;1;1;1;1;1;1;1;0.99;1;1;0.99;1;1;1,ORF1AB:S135R,T670G
B.1.1.7;Q.1,NC_045512.2,6954,T,C,ORF1AB,0.99;1,ORF1AB:I2230T,T6954C
P.1,NC_045512.2,733,T,C,ORF1AB,0.99,ORF1AB:D156D,T733C
C.37,NC_045512.2,7424,T,G,ORF1AB,0.99,ORF1AB:F2387V,T7424G
B.1.525,NC_045512.2,8593,T,C,ORF1AB,1,ORF1AB:V2776V,T8593C
GK.2,NC_045512.2,8737,T,C,ORF1AB,1,ORF1AB:D2824D,T8737C
B.1.526;C.37,NC_045512.2,9867,T,C,ORF1AB,1;0.99,ORF1AB:L3201P,T9867C
AY.122;AY.4;AY.4.5;AY.43.9;B.1.1.7;B.1.526;B.1.617.2;Q.1;XBC.1,NC_045512.2,28270,TA,T,,0.9;0.99;1;0.9;0.94;1;0.85;0.99;0.95,,TA28270T
BA.1;other;BA.1.1,NC_045512.2,6511,TAGTT,TA,ORF1AB,0.81;0.89;0.72;0.81,ORF1AB:S2083_L2084delinsI,TAGTT6511TA
B.1.525,NC_045512.2,28277,TCTG,T,N,0.96,N:S2_D3delinsY,TCTG28277T
B.1.621,NC_045512.2,26157,TGTTA,T,ORF3a,0.92,ORF3a:V256_N257del,TGTTA26157T
